Chromosome,Position,Reference,Alternative,dbSNP,Gene
1,97079071,C,A,rs1801268,DPYD
1,97082391,T,A,rs67376798,DPYD
1,97450058,C,T,rs3918290,DPYD
1,97450065,TG,T,rs72549303,DPYD
1,97515787,A,C,rs55886062,DPYD
1,97573863,C,T,rs56038477,DPYD
1,97573943,C,A,rs78060119,DPYD
1,97579893,G,C,rs75017182,DPYD
1,97691776,G,A,rs1801266,DPYD
1,97699474,T,C,rs115232898,DPYD
1,,,,rs72549309,DPYD
1,201060815,C,T,rs1800559,CACNA1S
1,201091993,G,A,rs772226819,CACNA1S
2,234665659,T,G,rs4124874,UGT1A1
2,233759924,C,T,rs887829,UGT1A1
2,234668880,A,AAT,rs3064744,UGT1A1
2,233760498,G,A,rs4148323,UGT1A1
6,18130687,T,C,rs1142345,TPMT
6,18130781,C,T,rs1800584,TPMT
6,18138997,C,T,rs1800460,TPMT
6,18143724,C,G,rs1800462,TPMT
6,18143606,T,G,rs151149760,TPMT
6,18139710,G,A,rs200220210,TPMT
6,18133845,T,A,rs75543815,TPMT
7,99250393,T,TA,rs41303343,CYP3A5
7,99665212,C,T,rs10264272,CYP3A5
7,99672916,T,C,rs776746,CYP3A5
7,99355806,G,GT,rs67666821,CYP3A4
7,99361466,C,T,rs2242480,CYP3A4
7,99366316,G,A,rs35599367,CYP3A4
7,99382096,C,T,rs2740574,CYP3A4
10,94761900,C,T,rs12248560,CYP2C19
10,94762706,A,G,rs28399504,CYP2C19
10,94775367,A,G,rs12769205,CYP2C19
10,94775416,T,C,rs41291556,CYP2C19
10,94775453,G,A,rs72552267,CYP2C19
10,94780653,G,A,rs4986893,CYP2C19
10,94781859,G,A,rs4244285,CYP2C19
10,94842866,A,G,rs3758581,CYP2C19
10,96609775,A,C,rs17886522,CYP2C19
10,94852738,C,T,rs56337013,CYP2C19
10,94775489,G,A,rs17884712,CYP2C19
10,94775507,G,A,rs58973490,CYP2C19
10,94781858,C,T,rs6413438,CYP2C19
10,94781944,G,A,rs375781227,CYP2C19
10,94842879,G,A,rs118203757,CYP2C19
10,94852785,G,C,rs118203759,CYP2C19
10,94942290,C,T,rs1799853,CYP2C9
10,94981224,C,T,rs28371685,CYP2C9
10,94981296,A,C,rs1057910,CYP2C9
10,96748777,C,T,rs9332239,CYP2C9
10,94941958,T,C,rs72558187,CYP2C9
10,94942234,G,"A,T",rs72558189 ,CYP2C9
10,94942309,G,"A,T",rs7900194,CYP2C9
10,,,,rs9332131,CYP2C9
10,94981301,C,G,rs28371686,CYP2C9
10,94938828,A,G,rs564813580,CYP2C9
10,94941982,G,T,rs762239445,CYP2C9
10,94942230,C,T,rs767576260,CYP2C9
10,94942231,G,A,rs12414460,CYP2C9
10,94942254,C,T,rs199523631,CYP2C9
10,94942255,G,A,rs200183364,CYP2C9
10,,,,rs182132442,CYP2C9
10,94972179,A,G,rs72558192,CYP2C9
10,94972180,C,G,rs988617574,CYP2C9
10,94981201,T,C,rs57505750,CYP2C9
10,94981297,T,C,rs56165452,CYP2C9
10,94981302,C,A,rs1250577724,CYP2C9
12,21176804,A,G,rs2306283,SLCO1B1
12,21176879,C,A,rs11045819,SLCO1B1
12,21178615,T,C,rs4149056,SLCO1B1
12,21205999,G,C,rs59502379,SLCO1B1
13,48611918,A,AGGAGTC,rs746071566,NUDT15
13,48045719,C,T,rs116855232,NUDT15
16,31104878,G,A,rs9934438,VKORC1
16,31096368,C,T,rs9923231,VKORC1
19,15879621,C,T,rs2108622,CYP4F2
19,38448712,G,"A,C",rs121918592,RYR1
19,38457545,C,T,rs118192172,RYR1
19,38494579,G,A,rs118192176,RYR1
19,38499993,G,A,rs121918593,RYR1
19,38440802,T,C,rs193922747,RYR1
19,38440829,C,T,rs193922748,RYR1
19,38444211,C,T,rs118192161,RYR1
19,38444212,G,T,rs193922753,RYR1
19,38446710,G,"A,C",rs1801086,RYR1
19,38448673,C,T,rs193922762,RYR1
19,38451842,C,T,rs193922764,RYR1
19,38451850,C,G,rs118192116,RYR1
19,38455359,A,C,rs118192162,RYR1
19,38455471,C,T,rs193922768,RYR1
19,38455528,C,T,rs193922770,RYR1
19,38457546,G,T,rs193922772,RYR1
19,38494564,C,T,rs118192175,RYR1
19,38494565,G,A,rs118192163,RYR1
19,38496283,C,"G,T",rs118192177,RYR1
19,38499223,G,A,rs112563513,RYR1
19,,,,rs121918596,RYR1
19,38499655,G,A,rs193922802,RYR1
19,38499670,C,T,rs193922803,RYR1
19,38499731,G,C,rs193922807,RYR1
19,38499975,G,A,rs193922809,RYR1
19,38499997,G,A,rs28933396,RYR1
19,38500636,C,T,rs118192124,RYR1
19,38500642,C,T,rs193922816,RYR1
19,38500643,G,A,rs118192122,RYR1
19,38500654,C,T,rs28933397,RYR1
19,38500655,G,A,rs121918594,RYR1
19,38500898,C,"T,G",rs118192178,RYR1
19,38500899,G,A,rs193922818,RYR1
19,38512321,G,A,rs193922832,RYR1
19,38543832,G,T,rs193922843,RYR1
19,38580004,A,G,rs118192167,RYR1
19,38580094,C,T,rs121918595,RYR1
19,38580114,C,T,rs193922876,RYR1
19,38580370,C,G,rs193922878,RYR1
19,38580403,G,A,rs118192168,RYR1
19,38580440,G,A,rs63749869,RYR1
19,38584989,T,C,rs118192170,RYR1
19,40991369,C,T,rs8192709,CYP2B6
19,41006936,G,T,rs3745274,CYP2B6
19,41009358,A,G,rs2279343,CYP2B6
19,41012316,T,C,rs28399499,CYP2B6
19,41004015,T,A,rs281864907,CYP2B6
19,41006919,C,G,rs3826711,CYP2B6
19,41010088,C,G,rs34698757,CYP2B6
19,41012465,C,T,rs34097093,CYP2B6
22,42126611,C,G,rs1135840,CYP2D6
22,42127608,C,T,rs59421388,CYP2D6
22,42127803,C,T,rs28371725,CYP2D6
22,42127941,G,A,rs16947,CYP2D6
22,42524175,CCTT,C,rs5030656,CYP2D6
22,42524243,CT,C,rs35742686,CYP2D6
22,42128945,C,T,rs3892097,CYP2D6
22,42525085,CA,C,rs5030655,CYP2D6
22,42129132,C,T,rs61736512,CYP2D6
22,42129770,G,A,rs28371706,CYP2D6
22,42130692,G,A,rs1065852,CYP2D6
22,42130761,C,T,rs769258,CYP2D6
22,42129910,C,G,rs201377835,CYP2D6
22,42129819,G,T,rs28371703,CYP2D6
22,42129809,T,C,rs28371704,CYP2D6
22,42129180,A,T,rs1135822,CYP2D6
22,42129174,C,A,rs1135823,CYP2D6
22,42129130,C,G,rs1058164,CYP2D6
22,42129042,T,C,rs1135824,CYP2D6
22,42129033,C,T,rs5030865,CYP2D6
22,,,,rs72549356,CYP2D6
22,42128212,G,A,rs367543000,CYP2D6
22,,,,rs72549352,CYP2D6
22,42128185,C,T,rs77913725,CYP2D6
22,42128181,A,T,rs1135828,CYP2D6
22,42127526,C,T,rs1058172,CYP2D6
22,42126896,G,A,rs763964554,CYP2D6
22,42126663,G,C,rs1135833,CYP2D6
22,42126660,T,C,rs1135835,CYP2D6
22,42126636,G,A,rs28371735,CYP2D6
22,42126635,T,G,rs766507177,CYP2D6
22,42126624,C,T,rs74478221,CYP2D6
22,42126623,G,C,rs75467367,CYP2D6
X,154534419,G,A,rs5030868,G6PD
X,154536002,C,T,rs1050828,G6PD
X,154535277,T,C,rs1050829,G6PD
MT,1095,T,C,rs267606618,MT-RNR1
MT,1494,C,T,rs267606619,MT-RNR1
MT,1555,A,G,rs267606617,MT-RNR1
